{"cx": 326.3272399902344, "cy": 252.3288116455078, "fx": 607.2921142578125, "fy": 607.0894165039062}
