{"cx": 323.2590026855469, "cy": 249.3447265625, "fx": 607.8259887695312, "fy": 607.6978759765625}