{
  "camera_offset": [
    [
      -0.013150726445019245,
      0.8922894597053528,
      0.4512721598148346,
      -0.09907542169094086
    ],
    [
      -0.9997499585151672,
      -0.003570623928681016,
      -0.022074056789278984,
      0.0502404123544693
    ],
    [
      -0.01808512583374977,
      -0.4514496326446533,
      0.8921132683753967,
      -0.0594012625515461
    ],
    [
      0.0,
      0.0,
      0.0,
      1.0
    ]
  ],
  "marker_pose": [
    [
      0.9948202967643738,
      -0.09930601716041565,
      0.021699918434023857,
      0.5040460228919983
    ],
    [
      0.09956517815589905,
      0.9949679374694824,
      -0.011205488815903664,
      -0.09343809634447098
    ],
    [
      -0.02047795057296753,
      0.013308004476130009,
      0.999701738357544,
      0.012996279634535313
    ],
    [
      0.0,
      0.0,
      0.0,
      1.0
    ]
  ]
}
